[
  {
    "id": "8c5d6612-7c9a-40f4-9e3a-34842118b4b9",
    "data": [
      {
        "text": "iam short tempered",
        "userDefined": false
      }
    ],
    "isTemplate": false,
    "count": 0,
    "lang": "en",
    "updated": 0
  },
  {
    "id": "6016e210-c431-42d9-85c1-70b0c5bcc4b2",
    "data": [
      {
        "text": "iam angry",
        "userDefined": false
      }
    ],
    "isTemplate": false,
    "count": 0,
    "lang": "en",
    "updated": 0
  },
  {
    "id": "3a6d8567-db49-42c4-8596-5c21c7b82e87",
    "data": [
      {
        "text": "iam feeling angry",
        "userDefined": false
      }
    ],
    "isTemplate": false,
    "count": 0,
    "lang": "en",
    "updated": 0
  },
  {
    "id": "3be20433-8179-4d95-925b-ee4a6645eb8d",
    "data": [
      {
        "text": "angry",
        "userDefined": false
      }
    ],
    "isTemplate": false,
    "count": 0,
    "lang": "en",
    "updated": 0
  }
]