[
  {
    "id": "39dedbd1-8e4e-466e-bf4e-6f55d192f0a4",
    "data": [
      {
        "text": "iam disgusted",
        "userDefined": false
      }
    ],
    "isTemplate": false,
    "count": 0,
    "lang": "en",
    "updated": 0
  },
  {
    "id": "9bcd7fcf-80ab-44eb-82cd-19a16f736bc7",
    "data": [
      {
        "text": "iam feeling disgusted",
        "userDefined": false
      }
    ],
    "isTemplate": false,
    "count": 0,
    "lang": "en",
    "updated": 0
  },
  {
    "id": "bf756e6d-fb9b-46fb-843b-a1ca9e9c8e3b",
    "data": [
      {
        "text": "disgusted",
        "userDefined": false
      }
    ],
    "isTemplate": false,
    "count": 0,
    "lang": "en",
    "updated": 0
  }
]