[
  {
    "id": "77dc2526-d461-4d52-8132-68cf576d5a42",
    "data": [
      {
        "text": "feeling Frustrated",
        "userDefined": false
      }
    ],
    "isTemplate": false,
    "count": 0,
    "lang": "en",
    "updated": 0
  },
  {
    "id": "363db862-e6b2-4b4c-aab1-e47a73dfdf21",
    "data": [
      {
        "text": "iam Frustrated",
        "userDefined": false
      }
    ],
    "isTemplate": false,
    "count": 0,
    "lang": "en",
    "updated": 0
  },
  {
    "id": "b5b529ca-1ad8-40e5-b20d-498839122fb1",
    "data": [
      {
        "text": "Frustrated",
        "userDefined": false
      }
    ],
    "isTemplate": false,
    "count": 0,
    "lang": "en",
    "updated": 0
  }
]