[
  {
    "id": "dc41a894-dc72-4756-8b00-840d6dbae067",
    "data": [
      {
        "text": "iam happy",
        "userDefined": false
      }
    ],
    "isTemplate": false,
    "count": 0,
    "lang": "en",
    "updated": 0
  },
  {
    "id": "0a424a8f-5cb9-4d82-816c-e3f793e25064",
    "data": [
      {
        "text": "my current mood is happy",
        "userDefined": false
      }
    ],
    "isTemplate": false,
    "count": 0,
    "lang": "en",
    "updated": 0
  },
  {
    "id": "ec307c06-17b1-4355-b1db-8684adf44c7b",
    "data": [
      {
        "text": "pleasant",
        "userDefined": false
      }
    ],
    "isTemplate": false,
    "count": 0,
    "lang": "en",
    "updated": 0
  },
  {
    "id": "ea29a744-5b00-4aef-9880-65b2e64bca8c",
    "data": [
      {
        "text": "feeling good",
        "userDefined": false
      }
    ],
    "isTemplate": false,
    "count": 0,
    "lang": "en",
    "updated": 0
  },
  {
    "id": "d5c0d9c0-6ab1-4fb0-86e6-32fcba37ab24",
    "data": [
      {
        "text": "happy",
        "userDefined": false
      }
    ],
    "isTemplate": false,
    "count": 0,
    "lang": "en",
    "updated": 0
  },
  {
    "id": "b717777a-08cd-4e15-b09d-d7af56e87227",
    "data": [
      {
        "text": "iam feeling happy",
        "userDefined": false
      }
    ],
    "isTemplate": false,
    "count": 0,
    "lang": "en",
    "updated": 0
  }
]