[
  {
    "id": "a3902ffb-4909-4b91-a827-d1dbf7923f91",
    "data": [
      {
        "text": "call me ",
        "userDefined": false
      },
      {
        "text": "virat kohil",
        "meta": "@sys.person",
        "alias": "person",
        "userDefined": false
      }
    ],
    "isTemplate": false,
    "count": 0,
    "lang": "en",
    "updated": 0
  },
  {
    "id": "f172f937-3edc-422a-9cfe-caaa6349a9ef",
    "data": [
      {
        "text": "rao",
        "meta": "@sys.person",
        "alias": "person",
        "userDefined": false
      }
    ],
    "isTemplate": false,
    "count": 0,
    "lang": "en",
    "updated": 0
  },
  {
    "id": "de31b146-6410-428b-9289-c577b1c5bdc3",
    "data": [
      {
        "text": "kumar",
        "meta": "@sys.person",
        "alias": "person",
        "userDefined": false
      }
    ],
    "isTemplate": false,
    "count": 0,
    "lang": "en",
    "updated": 0
  },
  {
    "id": "5164da3f-7aa5-4b9d-bc86-9af924e248f0",
    "data": [
      {
        "text": "ajit",
        "meta": "@sys.person",
        "alias": "person",
        "userDefined": false
      }
    ],
    "isTemplate": false,
    "count": 0,
    "lang": "en",
    "updated": 0
  },
  {
    "id": "fcb8e845-3949-4385-9691-e4ea26b0b607",
    "data": [
      {
        "text": "you can call me ",
        "userDefined": false
      },
      {
        "text": "faisal",
        "meta": "@sys.person",
        "alias": "person",
        "userDefined": false
      }
    ],
    "isTemplate": false,
    "count": 0,
    "lang": "en",
    "updated": 0
  },
  {
    "id": "495c1b7a-e630-4b29-9e93-5000fe53f461",
    "data": [
      {
        "text": "hello my name is ",
        "userDefined": false
      },
      {
        "text": "harsha vardhan",
        "meta": "@sys.person",
        "alias": "person",
        "userDefined": false
      }
    ],
    "isTemplate": false,
    "count": 0,
    "lang": "en",
    "updated": 0
  },
  {
    "id": "08500ffb-d2ad-4d41-b245-aeb534d16957",
    "data": [
      {
        "text": "this is ",
        "userDefined": false
      },
      {
        "text": "sony",
        "meta": "@sys.person",
        "alias": "person",
        "userDefined": true
      }
    ],
    "isTemplate": false,
    "count": 0,
    "lang": "en",
    "updated": 0
  },
  {
    "id": "5ee06638-d250-4a59-87c5-ecc72bb78ced",
    "data": [
      {
        "text": "upender",
        "meta": "@sys.person",
        "alias": "person",
        "userDefined": false
      }
    ],
    "isTemplate": false,
    "count": 0,
    "lang": "en",
    "updated": 0
  },
  {
    "id": "17bf26cb-933c-46c2-b267-6f19f046c643",
    "data": [
      {
        "text": "my name is ",
        "userDefined": false
      },
      {
        "text": "john",
        "meta": "@sys.person",
        "alias": "person",
        "userDefined": false
      }
    ],
    "isTemplate": false,
    "count": 0,
    "lang": "en",
    "updated": 0
  }
]