[
  {
    "id": "d6369921-ab5a-4e3e-98ca-5ed78db02a1f",
    "data": [
      {
        "text": "continue without login",
        "userDefined": false
      }
    ],
    "isTemplate": false,
    "count": 0,
    "lang": "en",
    "updated": 0
  },
  {
    "id": "50488188-0129-4d27-9229-40578bce8d84",
    "data": [
      {
        "text": "no",
        "userDefined": false
      }
    ],
    "isTemplate": false,
    "count": 0,
    "lang": "en",
    "updated": 0
  },
  {
    "id": "04239fef-159f-455b-934f-acaa05ef2504",
    "data": [
      {
        "text": "No, continue without login",
        "userDefined": false
      }
    ],
    "isTemplate": false,
    "count": 0,
    "lang": "en",
    "updated": 0
  }
]